Peptide,Subtype,Cluster,Distance_to_Centroid
YTWNGTQWV,HLA_C_06_02,3,1.2699123604721656
MVRQMRAAL,HLA_C_14_02,3,1.4256756643553943
FAYKTGSSM,HLA_C_06_02,3,1.4731172031805504
GSYFSGFYK,HLA_A_31_01,0,1.6137223924117627
RTLNLFRYK,HLA_A_31_01,0,1.644275696624643
PVTIGECPK,HLA_A_11_01,0,1.6875467093197727
MALSIVSLF,HLA_B_35_01,1,1.8569736349676025
YPIVIAPAM,HLA_B_35_01,1,2.0359302379527495
MPTDMLKLF,HLA_B_35_01,1,2.355668379479575
AIIDYIAYM,HLA_C_14_02,2,1.5677578230379077
TTYVYTLPV,HLA_C_14_02,2,1.7767803737197456
RTWFYRTEF,HLA_C_14_02,2,1.994819696964938
STCFKLMLK,HLA_A_03_01,4,2.096792534691481
VVGACGVGK,HLA_A_03_01,4,2.102656812585031
ILARWGSFK,HLA_A_03_01,4,2.1762100104363955